Thursday 25 June 2020 04:00:37 PM IST,001
Thursday 25 June 2020 04:00:38 PM IST,002
Thursday 25 June 2020 04:00:39 PM IST,003
Thursday 25 June 2020 04:00:40 PM IST,004
Thursday 25 June 2020 04:00:41 PM IST,005
Thursday 25 June 2020 04:00:43 PM IST,006
Thursday 25 June 2020 04:00:44 PM IST,007
Thursday 25 June 2020 04:00:45 PM IST,008
Thursday 25 June 2020 04:00:46 PM IST,009
Thursday 25 June 2020 04:00:47 PM IST,010
Thursday 25 June 2020 04:00:48 PM IST,011
Thursday 25 June 2020 04:00:49 PM IST,012
Thursday 25 June 2020 04:00:50 PM IST,013
Thursday 25 June 2020 04:00:51 PM IST,014
Thursday 25 June 2020 04:00:52 PM IST,015
Thursday 25 June 2020 04:00:53 PM IST,016
Thursday 25 June 2020 04:00:54 PM IST,017
Thursday 25 June 2020 04:00:55 PM IST,018
Thursday 25 June 2020 04:00:56 PM IST,019
Thursday 25 June 2020 04:00:57 PM IST,020
Thursday 25 June 2020 04:00:58 PM IST,021
Thursday 25 June 2020 04:00:59 PM IST,022
Thursday 25 June 2020 04:01:00 PM IST,023
Thursday 25 June 2020 04:01:01 PM IST,024
Thursday 25 June 2020 04:01:02 PM IST,025
Thursday 25 June 2020 04:01:03 PM IST,026
Thursday 25 June 2020 04:01:04 PM IST,027
Thursday 25 June 2020 04:01:05 PM IST,028
Thursday 25 June 2020 04:01:06 PM IST,029
Thursday 25 June 2020 04:01:07 PM IST,030
Thursday 25 June 2020 04:01:08 PM IST,031
Thursday 25 June 2020 04:01:09 PM IST,032
Thursday 25 June 2020 04:01:10 PM IST,033
Thursday 25 June 2020 04:01:11 PM IST,034
Thursday 25 June 2020 04:01:12 PM IST,035
Thursday 25 June 2020 04:01:13 PM IST,036
Thursday 25 June 2020 04:01:14 PM IST,037
Thursday 25 June 2020 04:01:15 PM IST,038
Thursday 25 June 2020 04:01:16 PM IST,039
Thursday 25 June 2020 04:01:17 PM IST,040
Thursday 25 June 2020 04:01:18 PM IST,041
Thursday 25 June 2020 04:01:19 PM IST,042
Thursday 25 June 2020 04:01:20 PM IST,043
Thursday 25 June 2020 04:01:21 PM IST,044
Thursday 25 June 2020 04:01:22 PM IST,045
Thursday 25 June 2020 04:01:23 PM IST,046
Thursday 25 June 2020 04:01:24 PM IST,047
Thursday 25 June 2020 04:01:25 PM IST,048
Thursday 25 June 2020 04:01:26 PM IST,049
Thursday 25 June 2020 04:01:27 PM IST,050
Thursday 25 June 2020 04:01:28 PM IST,051
Thursday 25 June 2020 04:01:29 PM IST,052
Thursday 25 June 2020 04:01:30 PM IST,053
Thursday 25 June 2020 04:01:31 PM IST,054
Thursday 25 June 2020 04:01:32 PM IST,055
Thursday 25 June 2020 04:01:33 PM IST,056
Thursday 25 June 2020 04:01:34 PM IST,057
Thursday 25 June 2020 04:01:35 PM IST,058
Thursday 25 June 2020 04:01:36 PM IST,059
Thursday 25 June 2020 04:01:37 PM IST,060
Thursday 25 June 2020 04:01:38 PM IST,061
Thursday 25 June 2020 04:01:39 PM IST,062
Thursday 25 June 2020 04:01:40 PM IST,063
Thursday 25 June 2020 04:01:41 PM IST,064
Thursday 25 June 2020 04:01:42 PM IST,065
Thursday 25 June 2020 04:01:43 PM IST,066
Thursday 25 June 2020 04:01:44 PM IST,067
Thursday 25 June 2020 04:01:45 PM IST,068
Thursday 25 June 2020 04:01:46 PM IST,069
Thursday 25 June 2020 04:01:47 PM IST,070
Thursday 25 June 2020 04:01:48 PM IST,071
Thursday 25 June 2020 04:01:49 PM IST,072
Thursday 25 June 2020 04:01:50 PM IST,073
Thursday 25 June 2020 04:01:51 PM IST,074
Thursday 25 June 2020 04:01:52 PM IST,075
Thursday 25 June 2020 04:01:53 PM IST,076
Thursday 25 June 2020 04:01:54 PM IST,077
Thursday 25 June 2020 04:01:55 PM IST,078
Thursday 25 June 2020 04:01:56 PM IST,079
Thursday 25 June 2020 04:01:57 PM IST,080
Thursday 25 June 2020 04:01:58 PM IST,081
Thursday 25 June 2020 04:01:59 PM IST,082
Thursday 25 June 2020 04:02:00 PM IST,083
Thursday 25 June 2020 04:02:01 PM IST,084
Thursday 25 June 2020 04:02:02 PM IST,085
Thursday 25 June 2020 04:02:03 PM IST,086
Thursday 25 June 2020 04:02:04 PM IST,087
Thursday 25 June 2020 04:02:05 PM IST,088
Thursday 25 June 2020 04:02:06 PM IST,089
Thursday 25 June 2020 04:02:07 PM IST,090
Thursday 25 June 2020 04:02:08 PM IST,091
Thursday 25 June 2020 04:02:09 PM IST,092
Thursday 25 June 2020 04:02:10 PM IST,093
Thursday 25 June 2020 04:02:11 PM IST,094
Thursday 25 June 2020 04:02:12 PM IST,095
Thursday 25 June 2020 04:02:13 PM IST,096
Thursday 25 June 2020 04:02:14 PM IST,097
Thursday 25 June 2020 04:02:15 PM IST,098
Thursday 25 June 2020 04:02:16 PM IST,099
Thursday 25 June 2020 04:02:17 PM IST,100
